analysis,term,coef,hazard_ratio,ci_lower,ci_upper,p_value,n_patients,n_events
cox_signature_only,prism_doxorubicin_signature_score,-0.05425221084156094,0.9471931839835868,0.7718446022236549,1.162377666696428,0.6034787689934291,1081,151
cox_signature_plus_age,prism_doxorubicin_signature_score,-0.06400522875899982,0.9380000949414687,0.762050361269666,1.1545748454790836,0.5459250955499753,1081,151
cox_signature_plus_age,age,0.03223951330779445,1.0327648366065565,1.0201580548356128,1.045527408890418,2.677887498986874e-07,1081,151
median_high_vs_low_logrank,High transferred score vs low transferred score,,,,,0.8246298061339401,1081,151
